Carriers,Plan 1,Plan 1 Cost,Plan 2,Plan 2 Cost,Plan 3,Plan 3 Cost,Plan 4,Plan 4 Cost,Plan 5,Plan 5 Cost,Plan 6,Plan 6 Cost,Plan 7,Plan 7 Cost,Plan 8,Plan 8 Cost,Type,Table 1,Table 1 (2),Table 1 (3),Table 1 (4),Addons?,Table 1 copy copy,Table 1 copy copy copy,Table 1 copy copy copy copy,Plan 1 Commission,Plan 2 Commission,Plan 3 Commission,Plan 4 Commission,Plan 5 Commission,Plan 6 Commission,Plan 7 Commission,Plan 8 Commission,Plan 9,Plan 9 Cost,Plan 9 Commission,Plan 10,Plan 10 Cost,Plan 10 Commission,Plan 11,Plan 11 Cost,Plan 11 Commission,States Unavailable,Enrollment Fees
Sigma Care Plus,Sigma Care Plus 100A $218.00,$218.00,Sigma Care Plus 100 $283.41,$283.41,Sigma Care Plus 200 $320.63,$320.63,Sigma Care Plus 200+ $377.78,$377.78,Sigma Care Plus 300 $434.45,$434.45,Sigma Care Plus 500 $540.70,$540.70,Sigma Care Plus 750 $627.67,$627.67,Sigma Care Plus 1000 $743.28,$743.28,Individual,,,,,,,,,0.3,0.3,0.3,0.3,0.3,0.35,0.35,0.35,,,,,,,,,,"AK, CA, CO, CT, DE, DC, FL, ID, IA, KS, LA, ME, MD, MA, MI, MN, MO, NH, NJ, NM, NY, OR, PR, SC, SD, TN, VT, WA, WV, WI, WY","$27.50, $50.00, $99.00, $125.00"
Advanced Wellness Plus,Advanced Wellness Plus 100A $154.00,$154.00,Advanced Wellness Plus 100 $212.71,$212.71,Advanced Wellness Plus 200 $220.47,$220.47,Advanced Wellness Plus 200+ $290.66,$290.66,Advanced Wellness Plus 300 $320.47,$320.47,Advanced Wellness Plus 500 $412.12,$412.12,Advanced Wellness Plus 750 $471.66,$471.66,Advanced Wellness Plus 1000 $581.04,$581.04,Individual,"erawera,dfsf,gsdg",,,,,,,,0.3,0.3,0.3,0.3,0.3,0.3,0.3,0.35,,,,,,,,,,"AK, CA, CO, CT, DE, DC, FL, ID, IA, KS, LA, ME, MD, MA, MI, MN, MO, NH, NJ, NM, NY, OR, PR, SC, SD, TN, VT, WA, WV, WI, WY","$27.50, $50.00, $99.00, $125.00"
Reliant Care,Reliant Care Wellness $274.79,$274.79,Reliant Care 1 $367.12,$367.12,Reliant Care 2 $414.15,$414.15,Reliant Care 3 $491.15,$491.15,Reliant Care 4 $529.62,$529.62,Reliant Care 5 $571.92,$571.92,,,,,Individual,,,,,,,,,0.3,0.3,0.3,0.3,0.35,0.35,,,,,,,,,,,,"AL, AZ, AR, FL, GA, IN, LA, ME, MD, MA, MI, MN, MS, MO, MT, NE, NV, NH, NJ, NY, NC, ND, OH, OK, OR, PA, PR, SC, SD, TN, TX, UT, VT, VA, WA, WV, WI","$50.00, $99.00, $125.00"
MedFirst,MedFirst Wellness $214.00,$214.00,MedFirst 1 $291.00,$291.00,MedFirst 2 $339.00,$339.00,MedFirst 3 $401.00,$401.00,MedFirst 4 $451.00,$451.00,MedFirst 5 $539.00,$539.00,,,,,Individual,,,,,,,,,0.3,0.3,0.3,0.3,0.3,0.35,,,,,,,,,,,,"AL, AZ, AR, FL, GA, IN, LA, ME, MD, MA, MI, MN, MS, MO, MT, NE, NV, NH, NJ, NY, NC, ND, OH, OK, OR, PA, PR, SC, SD, TN, TX, UT, VT, VA, WA, WV, WI","$50.00, $99.00, $125.00"
BWA Manhattan Life,MyChoice Plan Low $268.00,$268.00,MyChoice Plan Mid $307.43,$307.43,MyChoice Plan High $435.14,$435.14,,,,,,,,,,,Individual,,,,,,,,,0.3,0.3,0.3,,,,,,,,,,,,,,,"DC, ME, MA, MO, NJ, NM, NY, NC, OR, SD, VT, WA","$27.50, $50.00, $99.00, $125.00"
Access Health STM,Access Health Traditional STM,[object Object],Access Health Lite STM,[object Object],,,,,,,,,,,,,Individual,,,,,,,,,0.3,0.3,,,,,,,,,,,,,,,,"AK, AS, CA, CO, CT, DE, DC, GU, HI, ID, IN, IA, KS, ME, MD, MA, MI, MN, MO, MT, NH, NJ, NM, NY, ND, OR, PA, PR, RI, SD, UT, VT, VI, WA, WV, WI, WY, IL","$27.50, $50.00, $99.00, $125.00"
Health Choice Silver,Health Choice Silver 100A $121.11,$121.11,Health Choice Silver 100 $197.03,$197.03,Health Choice Silver 200 $231.67,$231.67,Health Choice Silver 200+ $286.30,$286.30,Health Choice Silver 300 $337.16,$337.16,Health Choice Silver 500 $450.57,$450.57,Health Choice Silver 750 $521.64,$521.64,Health Choice Silver 1000 $707.67,$707.67,Individual,,,,,,,,,0.3,0.3,0.3,0.3,0.3,0.3,0.35,0.35,,,,,,,,,,"AK, AR, CA, CO, CT, DE, DC, FL, HI, ID, IN, IA, KS, LA, ME, MD, MA, MI, MN, MO, MT, NH, NJ, NM, NY, NC, OR, PA, PR, RI, SC, SD, TN, UT, VT, WA, WV, WI, WY","$27.50, $50.00, $99.00, $125.00"
TDK,TDK1 $298.00,$298.00,TDK2 $349.00,$349.00,TDK3 $419.00,$419.00,TDK4 $464.00,$464.00,TDK5 $549.00,$549.00,,,,,,,Individual,,,,,,,,,0.3,0.3,0.3,0.3,0.35,,,,,,,,,,,,,"AL, AZ, CA, GA, HI, IL, KY, MD, MS, MT, NH, NY, OH, OK, OR, PA, PR, TX, VT, VA, WA","$50.00, $99.00, $125.00"
Paramount,Paramount Plan 1 $205.58,$205.58,Paramount Plan 2 $237.51,$237.51,Paramount Plan 3 $332.26,$332.26,Paramount Plan 4 $806.37,$806.37,Paramount Plan 5 $927.59,$927.59,"Paramount Plan 6 $1,112.49","$1,112.49",,,,,Individual,,,,,,,,,0.3,0.3,0.3,0.35,0.35,0.35,,,,,,,,,,,,"AS, CT, GU, ME, MA, MT, NH, NJ, NC, ND, PR, VI, WA, FM, MH, MP, PW, AB, BC, MB, NK, NF, NT, NS, NF, ON, PE, QC, SK, YT, OO, SD","$27.50, $50.00, $99.00, $125.00"
Everest,Everest 100 $232.18,$232.18,Everest 200 $294.58,$294.58,Everest 200+ $326.84,$326.84,Everest 300 $270.67,$270.67,Everest 500 $383.38,$383.38,Everest 750 $453.16,$453.16,Everest 1000 $616.80,$616.80,Everest 1000+ $683.64,$683.64,Individual,,,,,,,,,0.3,0.3,0.3,0.3,0.3,0.3,0.35,0.35,,,,,,,,,,"AK, CA, CO, CT, DE, DC, HI, ID, ME, MD, MA, MN, MO, MT, NH, NJ, NM, NY, NC, OR, PA, PR, SC, SD, UT, VT, VA, WA","$27.50, $50.00, $99.00, $125.00"
Good Health,Good Health Wellness $214.00,$214.00,Good Health 1 $291.00,$291.00,Good Health 2 $339.00,$339.00,Good Health 3 $401.00,$401.00,Good Health 4 $451.00,$451.00,Good Health 5 $539.00,$539.00,,,,,Individual,,,,,,,,,0.3,0.3,0.3,0.3,0.3,0.35,,,,,,,,,,,,"AL, AZ, AR, FL, GA, IN, LA, ME, MD, MA, MI, MS, MO, MT, NE, NV, NH, NC, ND, OH, OK, OR, PA, PR, SC, SD, TN, TX, VT, VA, WA, WV, WI","$50.00, $99.00, $125.00"
Premier,Premier 100 $198.62,$198.62,Premier 200A $221.80,$221.80,Premier 200+ $242.22,$242.22,Premier 300 $248.84,$248.84,Premier 500 $311.56,$311.56,Premier 750 $328.90,$328.90,Premier 1000 $446.59,$446.59,Premier 1000+ $501.97,$501.97,Individual,,,,,,,,,0.3,0.3,0.3,0.3,0.3,0.3,0.3,0.35,,,,,,,,,,"AK, CA, CO, CT, DE, DC, GA, ID, IN, KS, KY, LA, ME, MD, MA, MI, MN, MO, MT, NE, NV, NH, NJ, NM, NY, NC, ND, OH, OK, OR, PA, PR, SD, TX, UT, VT, WA","$27.50, $50.00, $99.00, $125.00"
Sigma Care Plus,Sigma Care Plus 100A $291.00,$291.00,Sigma Care Plus 100 $410.24,$410.24,Sigma Care Plus 200 $494.06,$494.06,Sigma Care Plus 200+ $635.56,$635.56,Sigma Care Plus 300 $769.92,$769.92,"Sigma Care Plus 500 $1,074.67","$1,074.67","Sigma Care Plus 750 $1,253.18","$1,253.18","Sigma Care Plus 1000 $1,725.41","$1,725.41",Family,,,,,,,,,0.3,0.35,0.3,0.35,0.35,0.35,0.35,0.35,,,,,,,,,,"AK, CA, CO, CT, DE, DC, FL, ID, IA, KS, LA, ME, MD, MA, MI, MN, MO, NH, NJ, NM, NY, OR, PR, SC, SD, TN, VT, WA, WV, WI, WY","$27.50, $50.00, $99.00, $125.00"
Advanced Wellness Plus,Advanced Wellness Plus 100A $207.52,$207.52,Advanced Wellness Plus 100 $318.03,$318.03,Advanced Wellness Plus 200 $385.76,$385.76,Advanced Wellness Plus 200+ $536.02,$536.02,Advanced Wellness Plus 300 $611.09,$611.09,Advanced Wellness Plus 500 $842.88,$842.88,Advanced Wellness Plus 750 $964.07,$964.07,"Advanced Wellness Plus 1000 $1,311.56","$1,311.56",Family,,dfsf,,,,,,,0.3,0.3,0.3,0.35,0.35,0.35,0.35,0.35,,,,,,,,,,"AK, CA, CO, CT, DE, DC, FL, ID, IA, KS, LA, ME, MD, MA, MI, MN, MO, NH, NJ, NM, NY, OR, PR, SC, SD, TN, VT, WA, WV, WI, WY","$27.50, $50.00, $99.00, $125.00"
Reliant Care,Reliant Care Wellness $366.46,$366.46,Reliant Care 1 $560.96,$560.96,Reliant Care 2 $620.19,$620.19,Reliant Care 3 $760.58,$760.58,Reliant Care 4 $849.04,$849.04,Reliant Care 5 $972.12,$972.12,,,,,Family,,,,,,,,,0.3,0.35,0.35,0.35,0.35,0.35,,,,,,,,,,,,"AL, AZ, AR, FL, GA, IN, LA, ME, MD, MA, MI, MN, MS, MO, MT, NE, NV, NH, NJ, NY, NC, ND, OH, OK, OR, PA, PR, SC, SD, TN, TX, UT, VT, VA, WA, WV, WI","$50.00, $99.00, $125.00"
MedFirst,MedFirst Wellness $297.00,$297.00,MedFirst 1 $431.00,$431.00,MedFirst 2 $569.00,$569.00,MedFirst 3 $698.00,$698.00,MedFirst 4 $798.00,$798.00,MedFirst 5 $859.00,$859.00,,,,,Family,,,,,,,,,0.3,0.3,0.35,0.35,0.35,0.35,,,,,,,,,,,,"AL, AZ, AR, FL, GA, IN, LA, ME, MD, MA, MI, MN, MS, MO, MT, NE, NV, NH, NJ, NY, NC, ND, OH, OK, OR, PA, PR, SC, SD, TN, TX, UT, VT, VA, WA, WV, WI","$50.00, $99.00, $125.00"
BWA Manhattan Life,MyChoice Plan Low $467.57,$467.57,MyChoice Plan Mid $543.73,$543.73,MyChoice Plan High $710.27,$710.27,,,,,,,,,,,Family,,,,,,,,,0.3,0.35,0.35,,,,,,,,,,,,,,,"DC, ME, MA, MO, NJ, NM, NY, NC, OR, SD, VT, WA","$27.50, $50.00, $99.00, $125.00"
Access Health STM,Access Health Traditional STM,[object Object],Access Health Lite STM,[object Object],Access Health Traditional/Lite STM,[object Object],,,,,,,,,,,Family,,,,,,,,,0.3,0.3,0.3,,,,,,,,,,,,,,,"AK, AS, CA, CO, CT, DE, DC, GU, HI, ID, IN, IA, KS, ME, MD, MA, MI, MN, MO, MT, NH, NJ, NM, NY, ND, OR, PA, PR, RI, SD, UT, VT, VI, WA, WV, WI, WY, IL","$27.50, $50.00, $99.00, $125.00"
Health Choice Silver,Health Choice Silver 100A $192.44,$192.44,Health Choice Silver 100 $341.11,$341.11,Health Choice Silver 200 $421.27,$421.27,Health Choice Silver 200+ $647.12,$647.12,Health Choice Silver 300 $744.87,$744.87,"Health Choice Silver 500 $1,067.13","$1,067.13","Health Choice Silver 750 $1,257.67","$1,257.67","Health Choice Silver 1000 $1,757.50","$1,757.50",Family,,,,,,,,,0.3,0.3,0.3,0.35,0.35,0.35,0.35,0.35,,,,,,,,,,"AK, AR, CA, CO, CT, DE, DC, FL, HI, ID, IN, IA, KS, LA, ME, MD, MA, MI, MN, MO, MT, NH, NJ, NM, NY, NC, OR, PA, PR, RI, SC, SD, TN, UT, VT, WA, WV, WI, WY","$27.50, $50.00, $99.00, $125.00"
TDK,TDK1 $439.00,$439.00,TDK2 $579.00,$579.00,TDK3 $714.00,$714.00,TDK4 $809.00,$809.00,TDK5 $879.00,$879.00,,,,,,,Family,,,,,,,,,0.3,0.35,0.35,0.35,0.35,,,,,,,,,,,,,"AL, AZ, CA, GA, HI, IL, KY, MD, MS, MT, NH, NY, OH, OK, OR, PA, PR, TX, VT, VA, WA","$50.00, $99.00, $125.00"
Paramount,Paramount Plan 1 $370.58,$370.58,Paramount Plan 2 $454.54,$454.54,Paramount Plan 3 $594.58,$594.58,"Paramount Plan 4 $1,112.49","$1,112.49","Paramount Plan 5 $2,344.78","$2,344.78","Paramount Plan 6 $2,876.61","$2,876.61",,,,,Family,,,,,,,,,0.3,0.3,0.35,0.35,0.35,0.35,,,,,,,,,,,,"AS, CT, GU, ME, MA, MT, NH, NJ, NC, ND, PR, VI, WA, FM, MH, MP, PW, AB, BC, MB, NK, NF, NT, NS, NF, ON, PE, QC, SK, YT, OO, SD","$27.50, $50.00, $99.00, $125.00"
Everest,Everest 100 $381.56,$381.56,Everest 200 $589.33,$589.33,Everest 200+ $676.44,$676.44,Everest 300 $560.67,$560.67,Everest 500 $865.20,$865.20,"Everest 750 $1,053.64","$1,053.64","Everest 1000 $1,495.33","$1,495.33","Everest 1000+ $1,675.82","$1,675.82",Family,,,,,,,,,0.3,0.35,0.35,0.35,0.35,0.35,0.35,0.35,,,,,,,,,,"AK, CA, CO, CT, DE, DC, HI, ID, ME, MD, MA, MN, MO, MT, NH, NJ, NM, NY, NC, OR, PA, PR, SC, SD, UT, VT, VA, WA","$27.50, $50.00, $99.00, $125.00"
Good Health,Good Health Wellness $297.00,$297.00,Good Health 1 $431.00,$431.00,Good Health 2 $569.00,$569.00,Good Health 3 $698.00,$698.00,Good Health 4 $798.00,$798.00,Good Health 5 $859.00,$859.00,,,,,Family,,,,,,,,,0.3,0.3,0.35,0.35,0.35,0.35,,,,,,,,,,,,"AL, AZ, AR, FL, GA, IN, LA, ME, MD, MA, MI, MS, MO, MT, NE, NV, NH, NC, ND, OH, OK, OR, PA, PR, SC, SD, TN, TX, VT, VA, WA, WV, WI","$50.00, $99.00, $125.00"
Premier,Premier 100 $376.24,$376.24,Premier 200A $390.47,$390.47,Premier 200+ $497.12,$497.12,Premier 300 $460.38,$460.38,Premier 500 $609.62,$609.62,Premier 750 $693.30,$693.30,Premier 1000 $892.82,$892.82,"Premier 1000+ $1,091.13","$1,091.13",Family,,,,,,,,,0.3,0.3,0.3,0.3,0.35,0.35,0.35,0.35,,,,,,,,,,"AK, CA, CO, CT, DE, DC, GA, ID, IN, KS, KY, LA, ME, MD, MA, MI, MN, MO, MT, NE, NV, NH, NJ, NM, NY, NC, ND, OH, OK, OR, PA, PR, SD, TX, UT, VT, WA","$27.50, $50.00, $99.00, $125.00"
Sigma Care Plus,Sigma Care Plus 100A $270.00,$270.00,Sigma Care Plus 100 $340.86,$340.86,Sigma Care Plus 200 $403.59,$403.59,Sigma Care Plus 200+ $486.28,$486.28,Sigma Care Plus 300 $614.86,$614.86,Sigma Care Plus 500 $840.59,$840.59,Sigma Care Plus 750 $977.82,$977.82,"Sigma Care Plus 1000 $1,322.63","$1,322.63",Individual + Spouse,,,dfsf,,,,,,0.3,0.3,0.3,0.3,0.35,0.35,0.35,0.35,,,,,,,,,,"AK, CA, CO, CT, DE, DC, FL, ID, IA, KS, LA, ME, MD, MA, MI, MN, MO, NH, NJ, NM, NY, OR, PR, SC, SD, TN, VT, WA, WV, WI, WY","$27.50, $50.00, $99.00, $125.00"
Advanced Wellness Plus,Advanced Wellness Plus 100A $181.17,$181.17,Advanced Wellness Plus 100 $271.12,$271.12,Advanced Wellness Plus 200 $310.63,$310.63,Advanced Wellness Plus 200+ $438.07,$438.07,Advanced Wellness Plus 300 $491.16,$491.16,Advanced Wellness Plus 500 $667.05,$667.05,Advanced Wellness Plus 750 $764.48,$764.48,"Advanced Wellness Plus 1000 $1,014.04","$1,014.04",Individual + Spouse,,,gsdg,,,,,,0.3,0.3,0.3,0.3,0.3,0.35,0.35,0.35,,,,,,,,,,"AK, CA, CO, CT, DE, DC, FL, ID, IA, KS, LA, ME, MD, MA, MI, MN, MO, NH, NJ, NM, NY, OR, PR, SC, SD, TN, VT, WA, WV, WI, WY","$27.50, $50.00, $99.00, $125.00"
Reliant Care,Reliant Care Wellness $299.79,$299.79,Reliant Care 1 $444.04,$444.04,Reliant Care 2 $527.88,$527.88,Reliant Care 3 $637.50,$637.50,Reliant Care 4 $720.58,$720.58,Reliant Care 5 $814.42,$814.42,,,,,Individual + Spouse,,,,,,,,,0.3,0.3,0.35,0.35,0.35,0.35,,,,,,,,,,,,"AL, AZ, AR, FL, GA, IN, LA, ME, MD, MA, MI, MN, MS, MO, MT, NE, NV, NH, NJ, NY, NC, ND, OH, OK, OR, PA, PR, SC, SD, TN, TX, UT, VT, VA, WA, WV, WI","$50.00, $99.00, $125.00"
MedFirst,MedFirst Wellness $251.00,$251.00,MedFirst 1 $341.00,$341.00,MedFirst 2 $459.00,$459.00,MedFirst 3 $541.00,$541.00,MedFirst 4 $623.00,$623.00,MedFirst 5 $701.00,$701.00,,,,,Individual + Spouse,,,,,,,,,0.3,0.3,0.3,0.35,0.35,0.35,,,,,,,,,,,,"AL, AZ, AR, FL, GA, IN, LA, ME, MD, MA, MI, MN, MS, MO, MT, NE, NV, NH, NJ, NY, NC, ND, OH, OK, OR, PA, PR, SC, SD, TN, TX, UT, VT, VA, WA, WV, WI","$50.00, $99.00, $125.00"
BWA Manhattan Life,MyChoice Plan Low $372.16,$372.16,MyChoice Plan Mid $436.05,$436.05,MyChoice Plan High $585.24,$585.24,,,,,,,,,,,Individual + Spouse,,,,,,,,,0.3,0.3,0.35,,,,,,,,,,,,,,,"DC, ME, MA, MO, NJ, NM, NY, NC, OR, SD, VT, WA","$27.50, $50.00, $99.00, $125.00"
Access Health STM,Access Health Traditional STM,[object Object],Access Health Lite STM,[object Object],Access Health Traditional/Lite STM,[object Object],,,,,,,,,,,Individual + Spouse,,,,,,,,,,,,,,,,,,,,,,,,,,"AK, AS, CA, CO, CT, DE, DC, GU, HI, ID, IN, IA, KS, ME, MD, MA, MI, MN, MO, MT, NH, NJ, NM, NY, ND, OR, PA, PR, RI, SD, UT, VT, VI, WA, WV, WI, WY, IL","$27.50, $50.00, $99.00, $125.00"
Health Choice Silver,Health Choice Silver 100A $159.09,$159.09,Health Choice Silver 100 $272.03,$272.03,Health Choice Silver 200 $331.03,$331.03,Health Choice Silver 200+ $497.03,$497.03,Health Choice Silver 300 $587.13,$587.13,Health Choice Silver 500 $815.27,$815.27,Health Choice Silver 750 $964.12,$964.12,"Health Choice Silver 1000 $1,330.21","$1,330.21",Individual + Spouse,,,,,,,,,0.3,0.3,0.3,0.3,0.35,0.35,0.35,0.35,,,,,,,,,,"AK, AR, CA, CO, CT, DE, DC, FL, HI, ID, IN, IA, KS, LA, ME, MD, MA, MI, MN, MO, MT, NH, NJ, NM, NY, NC, OR, PA, PR, RI, SC, SD, TN, UT, VT, WA, WV, WI, WY","$27.50, $50.00, $99.00, $125.00"
TDK,TDK1 $349.00,$349.00,TDK2 $569.00,$569.00,TDK3 $554.00,$554.00,TDK4 $644.00,$644.00,TDK5 $724.00,$724.00,,,,,,,Individual + Spouse,,,,,,,,,0.3,0.35,0.35,0.35,0.35,,,,,,,,,,,,,"AL, AZ, CA, GA, HI, IL, KY, MD, MS, MT, NH, NY, OH, OK, OR, PA, PR, TX, VT, VA, WA","$50.00, $99.00, $125.00"
Paramount,Paramount Plan 1 $320.00,$320.00,Paramount Plan 2 $390.08,$390.08,Paramount Plan 3 $514.60,$514.60,"Paramount Plan 4 $1,319.39","$1,319.39","Paramount Plan 5 $1,563.06","$1,563.06","Paramount Plan 6 $1,931.63","$1,931.63",,,,,Individual + Spouse,,,,,,,,,0.3,0.3,0.35,0.35,0.35,0.35,,,,,,,,,,,,"AS, CT, GU, ME, MA, MT, NH, NJ, NC, ND, PR, VI, WA, FM, MH, MP, PW, AB, BC, MB, NK, NF, NT, NS, NF, ON, PE, QC, SK, YT, OO, SD","$27.50, $50.00, $99.00, $125.00"
Everest,Everest 100 $314.53,$314.53,Everest 200 $462.20,$462.20,Everest 200+ $526.93,$526.93,Everest 300 $441.24,$441.24,Everest 500 $666.76,$666.76,Everest 750 $806.40,$806.40,"Everest 1000 $1,133.64","$1,133.64","Everest 1000+ $1,267.29","$1,267.29",Individual + Spouse,,,,,,,,,0.3,0.3,0.35,0.3,0.35,0.35,0.35,0.35,,,,,,,,,,"AK, CA, CO, CT, DE, DC, HI, ID, ME, MD, MA, MN, MO, MT, NH, NJ, NM, NY, NC, OR, PA, PR, SC, SD, UT, VT, VA, WA","$27.50, $50.00, $99.00, $125.00"
Good Health,Good Health Wellness $251.00,$251.00,Good Health 1 $341.00,$341.00,Good Health 2 $459.00,$459.00,Good Health 3 $541.00,$541.00,Good Health 4 $623.00,$623.00,Good Health 5 $701.00,$701.00,,,,,Individual + Spouse,,,,,,,,,0.3,0.3,0.3,0.35,0.35,0.35,,,,,,,,,,,,"AL, AZ, AR, FL, GA, IN, LA, ME, MD, MA, MI, MS, MO, MT, NE, NV, NH, NC, ND, OH, OK, OR, PA, PR, SC, SD, TN, TX, VT, VA, WA, WV, WI","$50.00, $99.00, $125.00"
Premier,Premier 100 $298.00,$298.00,Premier 200A $333.96,$333.96,Premier 200+ $403.79,$403.79,Premier 300 $401.07,$401.07,Premier 500 $467.68,$467.68,Premier 750 $503.36,$503.36,Premier 1000 $654.46,$654.46,Premier 1000+ $814.18,$814.18,Individual + Spouse,,,,,,,,,0.3,0.3,0.3,0.3,0.3,0.35,0.35,0.35,,,,,,,,,,"AK, CA, CO, CT, DE, DC, GA, ID, IN, KS, KY, LA, ME, MD, MA, MI, MN, MO, MT, NE, NV, NH, NJ, NM, NY, NC, ND, OH, OK, OR, PA, PR, SD, TX, UT, VT, WA","$27.50, $50.00, $99.00, $125.00"
Sigma Care Plus,Sigma Care Plus 100A $260.00,$260.00,Sigma Care Plus 100 $334.81,$334.81,Sigma Care Plus 200 $394.83,$394.83,Sigma Care Plus 200+ $483.96,$483.96,Sigma Care Plus 300 $561.33,$561.33,Sigma Care Plus 500 $764.47,$764.47,Sigma Care Plus 750 $883.49,$883.49,"Sigma Care Plus 1000 $1,198.31","$1,198.31",Individual + Children,,gsdg,,gsdg,,,,,0.3,0.3,0.3,0.3,0.35,0.35,0.35,0.35,,,,,,,,,,"AK, CA, CO, CT, DE, DC, FL, ID, IA, KS, LA, ME, MD, MA, MI, MN, MO, NH, NJ, NM, NY, OR, PR, SC, SD, TN, VT, WA, WV, WI, WY","$27.50, $50.00, $99.00, $125.00"
Advanced Wellness Plus,Advanced Wellness Plus 100A $176.01,$176.01,Advanced Wellness Plus 100 $262.63,$262.63,Advanced Wellness Plus 200 $301.01,$301.01,Advanced Wellness Plus 200+ $419.77,$419.77,Advanced Wellness Plus 300 $474.12,$474.12,Advanced Wellness Plus 500 $643.12,$643.12,Advanced Wellness Plus 750 $724.04,$724.04,Advanced Wellness Plus 1000 $937.12,$937.12,Individual + Children,,,,,,,,,0.3,0.3,0.3,0.3,0.3,0.35,0.35,0.35,,,,,,,,,,"AK, CA, CO, CT, DE, DC, FL, ID, IA, KS, LA, ME, MD, MA, MI, MN, MO, NH, NJ, NM, NY, OR, PR, SC, SD, TN, VT, WA, WV, WI, WY","$27.50, $50.00, $99.00, $125.00"
Reliant Care,Reliant Care Wellness $299.79,$299.79,Reliant Care 1 $436.73,$436.73,Reliant Care 2 $511.35,$511.35,Reliant Care 3 $617.12,$617.12,Reliant Care 4 $708.65,$708.65,Reliant Care 5 $800.77,$800.77,,,,,Individual + Children,,,,,,,,,0.3,0.3,0.3,0.35,0.35,0.35,,,,,,,,,,,,"AL, AZ, AR, FL, GA, IN, LA, ME, MD, MA, MI, MN, MS, MO, MT, NE, NV, NH, NJ, NY, NC, ND, OH, OK, OR, PA, PR, SC, SD, TN, TX, UT, VT, VA, WA, WV, WI","$50.00, $99.00, $125.00"
MedFirst,MedFirst Wellness $248.00,$248.00,MedFirst 1 $338.00,$338.00,MedFirst 2 $439.00,$439.00,MedFirst 3 $531.00,$531.00,MedFirst 4 $618.00,$618.00,MedFirst 5 $691.00,$691.00,,,,,Individual + Children,,,"gfdgf,erawera",,,,,,0.3,0.3,0.3,0.35,0.35,0.35,,,,,,,,,,,,"AL, AZ, AR, FL, GA, IN, LA, ME, MD, MA, MI, MN, MS, MO, MT, NE, NV, NH, NJ, NY, NC, ND, OH, OK, OR, PA, PR, SC, SD, TN, TX, UT, VT, VA, WA, WV, WI","$50.00, $99.00, $125.00"
BWA Manhattan Life,MyChoice Plan Low $348.22,$348.22,MyChoice Plan Mid $398.65,$398.65,MyChoice Plan High $587.68,$587.68,,,,,,,,,,,Individual + Children,,,,,,,,,0.3,0.3,0.35,,,,,,,,,,,,,,,"DC, ME, MA, MO, NJ, NM, NY, NC, OR, SD, VT, WA","$27.50, $50.00, $99.00, $125.00"
Access Health STM,Access Health Traditional STM,[object Object],Access Health Lite STM,[object Object],Access Health Traditional/Lite STM,[object Object],,,,,,,,,,,Individual + Children,,,,,,,,,,,,,,,,,,,,,,,,,,"AK, AS, CA, CO, CT, DE, DC, GU, HI, ID, IN, IA, KS, ME, MD, MA, MI, MN, MO, MT, NH, NJ, NM, NY, ND, OR, PA, PR, RI, SD, UT, VT, VI, WA, WV, WI, WY, IL","$27.50, $50.00, $99.00, $125.00"
Health Choice Silver,Health Choice Silver 100A $149.10,$149.10,Health Choice Silver 100 $249.51,$249.51,Health Choice Silver 200 $311.84,$311.84,Health Choice Silver 200+ $454.61,$454.61,Health Choice Silver 300 $529.31,$529.31,Health Choice Silver 500 $739.13,$739.13,Health Choice Silver 750 $868.19,$868.19,"Health Choice Silver 1000 $1,201.17","$1,201.17",Individual + Children,,,,,,,,,0.3,0.3,0.3,0.3,0.35,0.35,0.35,0.35,,,,,,,,,,"AK, AR, CA, CO, CT, DE, DC, FL, HI, ID, IN, IA, KS, LA, ME, MD, MA, MI, MN, MO, MT, NH, NJ, NM, NY, NC, OR, PA, PR, RI, SC, SD, TN, UT, VT, WA, WV, WI, WY","$27.50, $50.00, $99.00, $125.00"
TDK,TDK1 $346.00,$346.00,TDK2 $559.00,$559.00,TDK3 $544.00,$544.00,TDK4 $634.00,$634.00,TDK5 $719.00,$719.00,,,,,,,Individual + Children,,,,,,,,,0.3,0.35,0.35,0.35,0.35,,,,,,,,,,,,,"AL, AZ, CA, GA, HI, IL, KY, MD, MS, MT, NH, NY, OH, OK, OR, PA, PR, TX, VT, VA, WA","$50.00, $99.00, $125.00"
Paramount,Paramount Plan 1 $328.42,$328.42,Paramount Plan 2 $396.87,$396.87,Paramount Plan 3 $490.34,$490.34,"Paramount Plan 4 $1,320.33","$1,320.33","Paramount Plan 5 $1,564.00","$1,564.00","Paramount Plan 6 $1,932.57","$1,932.57",,,,,Individual + Children,,,,,,,,,0.3,0.3,0.3,0.35,0.35,0.35,,,,,,,,,,,,"AS, CT, GU, ME, MA, MT, NH, NJ, NC, ND, PR, VI, WA, FM, MH, MP, PW, AB, BC, MB, NK, NF, NT, NS, NF, ON, PE, QC, SK, YT, OO, SD","$27.50, $50.00, $99.00, $125.00"
Everest,Everest 100 $295.42,$295.42,Everest 200 $426.27,$426.27,Everest 200+ $484.31,$484.31,Everest 300 $407.11,$407.11,Everest 500 $610.13,$610.13,Everest 750 $735.78,$735.78,"Everest 1000 $1,030.36","$1,030.36","Everest 1000+ $1,150.58","$1,150.58",Individual + Children,,,,,,,,,0.3,0.3,0.3,0.3,0.35,0.35,0.35,0.35,,,,,,,,,,"AK, CA, CO, CT, DE, DC, HI, ID, ME, MD, MA, MN, MO, MT, NH, NJ, NM, NY, NC, OR, PA, PR, SC, SD, UT, VT, VA, WA","$27.50, $50.00, $99.00, $125.00"
Good Health,Good Health Wellness $248.00,$248.00,Good Health 1 $338.00,$338.00,Good Health 2 $439.00,$439.00,Good Health 3 $531.00,$531.00,Good Health 4 $618.00,$618.00,Good Health 5 $691.00,$691.00,,,,,Individual + Children,,,,,,,,,0.3,0.3,0.3,0.35,0.35,0.35,,,,,,,,,,,,"AL, AZ, AR, FL, GA, IN, LA, ME, MD, MA, MI, MS, MO, MT, NE, NV, NH, NC, ND, OH, OK, OR, PA, PR, SC, SD, TN, TX, VT, VA, WA, WV, WI","$50.00, $99.00, $125.00"
Premier,Premier 100 $280.42,$280.42,Premier 200A $325.78,$325.78,Premier 200+ $392.63,$392.63,Premier 300 $360.29,$360.29,Premier 500 $453.66,$453.66,Premier 750 $515.79,$515.79,Premier 1000 $632.92,$632.92,Premier 1000+ $786.41,$786.41,Individual + Children,,,,,,,,,0.3,0.3,0.3,0.3,0.3,0.35,0.35,0.35,,,,,,,,,,"AK, CA, CO, CT, DE, DC, GA, ID, IN, KS, KY, LA, ME, MD, MA, MI, MN, MO, MT, NE, NV, NH, NJ, NM, NY, NC, ND, OH, OK, OR, PA, PR, SD, TX, UT, VT, WA","$27.50, $50.00, $99.00, $125.00"
American Financial 1,AF AD&D 50K $79.00,$79.00,AF AD&D 100K $88.50,$88.50,AF AD&D 125K $109.00,$109.00,AF AD&D 175K $124.00,$124.00,AF AD&D 200K $137.50,$137.50,AF AD&D 250K $172.50,$172.50,,,,,Individual,,,,,true,,,,1,1,1,1,1,1,,,,,,,,,,,,"AK, CT, DE, HI, IN, ME, MA, MN, NH, NJ, NM, NY, OR, PA, PR, RI, SD, VT, VI, WA, WI, MD",
American Financial 2,AF AME 500 $29.95,$29.95,AF AME 1000 $35.00,$35.00,,,,,,,,,,,,,Individual,,,,,true,,,,1,1,,,,,,,,,,,,,,,,,
American Financial 3,"AF Critical Illness 2,500 $64.00",$64.00,"AF Critical Illness 5,000 $79.00",$79.00,"AF Critical Illness 7,500 $103.22",$103.22,"AF Critical Illness 10,000 $125.00",$125.00,,,,,,,,,Individual,,,,,true,,,,1,1,1,1,,,,,,,,,,,,,,,
American Financial 1,AF AD&D 50K $93.00,$93.00,AF AD&D 100K $103.50,$103.50,AF AD&D 125K $145.00,$145.00,AF AD&D 175K $162.00,$162.00,AF AD&D 200K $179.50,$179.50,AF AD&D 250K $228.50,$228.50,,,,,Family,,,,,true,gsdg,,,1,1,1,1,1,1,,,,,,,,,,,,"AK, CT, DE, HI, IN, ME, MA, MN, NH, NJ, NM, NY, OR, PA, PR, RI, SD, VT, VI, WA, WI, MD",
American Financial 2,AF AME 500 $45.00,$45.00,AF AME 1000 $65.00,$65.00,,,,,,,,,,,,,Family,,,,,true,,,,1,1,,,,,,,,,,,,,,,,,
American Financial 3,"AF Critical Illness 2,500 $64.00",$64.00,"AF Critical Illness 5,000 $79.00",$79.00,"AF Critical Illness 7,500 $103.22",$103.22,"AF Critical Illness 10,000 $125.00",$125.00,,,,,,,,,Family,,,,,true,,,,1,1,1,1,,,,,,,,,,,,,,,
American Financial 1,AF AD&D 50K $93.00,$93.00,AF AD&D 100K $103.50,$103.50,AF AD&D 125K $145.00,$145.00,AF AD&D 175K $162.00,$162.00,AF AD&D 200K $179.50,$179.50,AF AD&D 250K $228.50,$228.50,,,,,Individual + Spouse,,,,,true,,,,1,1,1,1,1,,,,,,,,,,,,,"AK, CT, DE, HI, IN, ME, MA, MN, NH, NJ, NM, NY, OR, PA, PR, RI, SD, VT, VI, WA, WI, MD",
American Financial 2,AF AME 500 $37.00,$37.00,AF AME 1000 $45.00,$45.00,,,,,,,,,,,,,Individual + Spouse,,,,,true,,,,1,1,,,,,,,,,,,,,,,,,
American Financial 3,"AF Critical Illness (N/A FL,IA,LA,MD,MI,MO,MT,SC,TN,TX,WV,WY) 2,500 $64.00",$64.00,"AF Critical Illness (N/A FL,IA,LA,MD,MI,MO,MT,SC,TN,TX,WV,WY) 5,000 $79.00",$79.00,"AF Critical Illness  (N/A FL,IA,LA,MD,MI,MO,MT,SC,TN,TX,WV,WY) 7,500 $103.22",$103.22,"AF Critical Illness (N/A FL,IA,LA,MD,MI,MO,MT,SC,TN,TX,WV,WY) 10,000 $125.00",$125.00,,,,,,,,,Individual + Spouse,,,,,true,,gsdg,gsdg,1,1,1,1,,,,,,,,,,,,,,,
American Financial 1,AF AD&D 50K $93.00,$93.00,AF AD&D 100K $103.50,$103.50,AF AD&D 125K $145.00,$145.00,AF AD&D 175K $162.00,$162.00,AF AD&D 200K $179.50,$179.50,AF AD&D 250K $228.50,$228.50,,,,,Individual + Children,,,,,true,,,,1,1,1,1,1,1,,,,,,,,,,,,"AK, CT, DE, HI, IN, ME, MA, MN, NH, NJ, NM, NY, OR, PA, PR, RI, SD, VT, VI, WA, WI, MD",
American Financial 2,AF AME 500 $35.00,$35.00,AF AME 1000 $40.00,$40.00,,,,,,,,,,,,,Individual + Children,,,,,true,,,,1,1,,,,,,,,,,,,,,,,,
American Financial 3,"AF Critical Illness (N/A FL,IA,LA,MD,MI,MO,MT,SC,TN,TX,WV,WY) 2,500 $64.00",$64.00,"AF Critical Illness (N/A FL,IA,LA,MD,MI,MO,MT,SC,TN,TX,WV,WY) 5,000 $79.00",$79.00,"AF Critical Illness (N/A FL,IA,LA,MD,MI,MO,MT,SC,TN,TX,WV,WY) 7,500 $103.22",$103.22,"AF Critical Illness (N/A FL,IA,LA,MD,MI,MO,MT,SC,TN,TX,WV,WY) 10,000 $125.00",$125.00,,,,,,,,,Individual + Children,,,,,true,,,,1,1,1,1,,,,,,,,,,,,,,,
True Health,True Health 1 $268.00,$268.00,True Health 2 $305.35,$305.35,True Health 3 $372.70,$372.70,,,,,,,,,,,Individual,,,,,,,,,0.3,0.3,0.3,,,,,,,,,,,,,,,"AL, AZ, AR, FL, GA, IN, LA, ME, MD, MA, MI, MN, MS, MO, MT, NE, NV, NH, NJ, NY, NC, ND, OH, OK, OR, PA, PR, SC, SD, TN, TX, UT, VT, VA, WA, WV, WI, WY","$50.00, $99.00, $125.00"
True Health,True Health 1 $442.20,$442.20,True Health 2 $536.35,$536.35,True Health 3 $688.20,$688.20,,,,,,,,,,,Family,,,,,,,,,0.3,0.35,0.35,,,,,,,,,,,,,,,"AL, AZ, AR, FL, GA, IN, LA, ME, MD, MA, MI, MN, MS, MO, MT, NE, NV, NH, NJ, NY, NC, ND, OH, OK, OR, PA, PR, SC, SD, TN, TX, UT, VT, VA, WA, WV, WI, WY","$50.00, $99.00, $125.00"
True Health,True Health 1 $342.20,$342.20,True Health 2 $403.35,$403.35,True Health 3 $501.70,$501.70,,,,,,,,,,,Individual + Spouse,,,,,,,,,0.3,0.3,0.35,,,,,,,,,,,,,,,"AL, AZ, AR, FL, GA, IN, LA, ME, MD, MA, MI, MN, MS, MO, MT, NE, NV, NH, NJ, NY, NC, ND, OH, OK, OR, PA, PR, SC, SD, TN, TX, UT, VT, VA, WA, WV, WI, WY","$50.00, $99.00, $125.00"
True Health,True Health 1 $332.20,$332.20,True Health 2 $387.35,$387.35,True Health 3 $498.70,$498.70,,,,,,,,,,,Individual + Children,,,,,,,,,0.3,0.3,0.3,,,,,,,,,,,,,,,"AL, AZ, AR, FL, GA, IN, LA, ME, MD, MA, MI, MN, MS, MO, MT, NE, NV, NH, NJ, NY, NC, ND, OH, OK, OR, PA, PR, SC, SD, TN, TX, UT, VT, VA, WA, WV, WI, WY","$50.00, $99.00, $125.00"
BWA AmeriCare,BWA AmeriCare Plan 2 $264.94,$264.94,BWA AmeriCare Plan 3 $274.95,$274.95,BWA AmeriCare Plan 4 $353.95,$353.95,,,,,,,,,,,Individual,,,,,,,,,0.3,0.3,0.3,,,,,,,,,,,,,,,"CT, ME, MA, MT, NH, NJ, NC, ND, OR, SD, WA","$27.50, $50.00, $99.00, $125.00"
BWA AmeriCare,BWA AmeriCare Plan 2 $414.95,$414.95,BWA AmeriCare Plan 3 $453.95,$453.95,BWA AmeriCare Plan 4 $735.95,$735.95,,,,,,,,,,,Family,,,,,,,,,0.3,0.3,0.35,,,,,,,,,,,,,,,"CT, ME, MA, MT, NH, NJ, NC, ND, OR, SD, WA","$27.50, $50.00, $99.00, $125.00"
BWA AmeriCare,BWA AmeriCare Plan 2 $362.95,$362.95,BWA AmeriCare Plan 3 $394.95,$394.95,BWA AmeriCare Plan 4 $601.95,$601.95,,,,,,,,,,,Individual + Spouse,,,,,,,,,0.3,0.3,0.35,,,,,,,,,,,,,,,"CT, ME, MA, MT, NH, NJ, NC, ND, OR, SD, WA","$27.50, $50.00, $99.00, $125.00"
BWA AmeriCare,BWA AmeriCare Plan 2 $304.95,$304.95,BWA AmeriCare Plan 3 $321.95,$321.95,BWA AmeriCare Plan 4 $456.95,$456.95,,,,,,,,,,,Individual + Children,,,,,,,,,0.3,0.3,0.3,,,,,,,,,,,,,,,"CT, ME, MA, MT, NH, NJ, NC, ND, OR, SD, WA","$27.50, $50.00, $99.00, $125.00"
Essential Care Individual + Children,Essential care discount plan $109.00,$109.00,,,,,,,,,,,,,,,Individual + Children,,,,,true,,,,,,,,,,,,,,,,,,,,,"AK, AS, DE, GU, ME, MA, MT, NJ, NY, RI, UT, VT, VI, WA",
Essential Care Individual + Spouse,Essential care discount plan $109.00,$109.00,,,,,,,,,,,,,,,Individual + Spouse,,,,,true,,,,,,,,,,,,,,,,,,,,,"AK, AS, DE, GU, ME, MA, MT, NJ, NY, RI, UT, VT, VI, WA",
Essential Care Family,Essential care discount plan $119.00,$119.00,,,,,,,,,,,,,,,Family,,,,,true,,,,,,,,,,,,,,,,,,,,,"AK, AS, DE, GU, ME, MA, MT, NJ, NY, RI, UT, VT, VI, WA",
Essential Care Individual,Essential care discount plan $99.00,$99.00,,,,,,,,,,,,,,,Individual,,,,,true,,,,,,,,,,,,,,,,,,,,,"AK, AS, DE, GU, ME, MA, MT, NJ, NY, RI, UT, VT, VI, WA",
AMT Addons 1,"AMT- Safeguard w/TeleMed $119.98 (N/A MT,VT)","$119.98 (N/A MT,VT)","AMT - Complete Benefits Package $89.96 (N/A MT,VT)","$89.96 (N/A MT,VT)","AMT - RX+Dental $59.97 (N/A MT,VT)","$59.97 (N/A MT,VT)","AMT - RX$29.97 (N/A MT,VT)","$29.97 (N/A MT,VT)",,,,,,,,,Individual,,,,,true,,,,,,,,,,,,,,,,,,,,,,"$0,00, $25.00, $50.00, $99.00"
AMT Addons 2,"TeleMed $28.97 (N/A UT,VT)","$28.97 (N/A UT,VT)","AMT - Vision $19.97 (N/A MT,VT)","$19.97 (N/A MT,VT)",,,,,,,,,,,,,Individual,,,,,true,,,,,,,,,,,,,,,,,,,,,,
AMT Addons 1,"AMT- Safeguard w/TeleMed $149.98 (N/A MT,VT)","$149.98 (N/A MT,VT)","AMT - Complete Benefits Package $119.96 (N/A MT,VT)","$119.96 (N/A MT,VT)","AMT RX+Dental $74.97 (N/A MT,VT)","$74.97 (N/A MT,VT)","AMT - RX $39.97 (N/A MT,VT)","$39.97 (N/A MT,VT)",,,,,,,,,Family,,,,,true,,,,0.6,0.6,0.6,0.6,,,,,,,,,,,,,,,"$0,00, $25.00, $50.00, $99.00"
AMT Addons 2,"TeleMed $43.97 (N/A UT,VT)","$43.97 (N/A UT,VT)","AMT - Vision $29.97 (N/A MT,VT)","$29.97 (N/A MT,VT)",,,,,,,,,,,,,Family,,,,,true,,,,0.8,,,,,,,,,,,,,,,,,,
AMT Addons 1,"AMT- Safeguard w/TeleMed $134.98 (N/A MT,VT)","$134.98 (N/A MT,VT)","AMT - Complete Benefits Package $99.96 (N/A MT,VT)","$99.96 (N/A MT,VT)","AMT - RX+Dental $74.97 (N/A MT,VT)","$74.97 (N/A MT,VT)","AMT - RX $39.97 (N/A MT,VT)","$39.97 (N/A MT,VT)",,,,,,,,,Individual + Spouse,,,,,true,,,,0.6,0.6,0.6,0.6,,,,,,,,,,,,,,,"$0,00, $25.00, $50.00, $99.00"
AMT Addons 2,"TeleMed $43.97 (N/A UT,VT)","$43.97 (N/A UT,VT)","AMT - Vision $29.97 (N/A MT,VT)","$29.97 (N/A MT,VT)",,,,,,,,,,,,,Individual + Spouse,,,,,true,,,,0.8,0.6,,,,,,,,,,,,,,,,,
AMT Addons 1,"AMT- Safeguard w/TeleMed $149.98 (N/A MT,VT)","$149.98 (N/A MT,VT)","AMT - Complete Benefits Package $119.96 (N/A MT,VT)","$119.96 (N/A MT,VT)","AMT RX+Dental $74.97 (N/A MT,VT)","$74.97 (N/A MT,VT)","AMT - RX $39.97 (N/A MT,VT)","$39.97 (N/A MT,VT)",,,,,,,,,Individual + Children,,,,,true,,,,0.6,0.6,0.6,0.6,,,,,,,,,,,,,,,"$0,00, $25.00, $50.00, $99.00"
AMT Addons 2,"TeleMed $43.97 (N/A UT,VT)","$43.97 (N/A UT,VT)","AMT - Vision $29.97 (N/A MT,VT)","$29.97 (N/A MT,VT)",,,,,,,,,,,,,Individual + Children,,,,,true,,,,0.8,0.6,,,,,,,,,,,,,,,,,
Leo Addons,Telemedicine+Rx $99.95,$99.95,Virtual Primary Care +RX $289.00,$289.00,Telemedicine $59.95,$59.95,On- Demand Counseling $129.95,$129.95,Telemedicine+On Demand $169.95,$169.95,Behavioral Health +RX $119.95,$119.95,Pediatric Behavioral Health Behavioral Health $229.95,$229.95,Health Advocacy Lite $30.00,$30.00,Individual,,,,,true,,,,0.8,0.6,0.8,0.6,0.6,0.6,0.6,0.6,Health Advocacy $40.00,$40.00,0.6,Health Advocacy Advanced $50.00,$50.00,0.6,Virtual Primary Care +RX Advanced $489.95,$489.95,0.6,,
Leo Addons,Telemedicine+Rx $119.95,$119.95,Virtual Primary Care +RX $379.00,$379.00,Telemedicine $79.95,$79.95,On- Demand Counseling $159.95,$159.95,Telemedicine+On Demand $189.00,$189.00,Behavioral Health +RX $219.95,$219.95,Pediatric Behavioral Health Behavioral Health $249.95,$249.95,Health Advocacy Lite $50.00,$50.00,Family,,,,,true,,,,0.8,0.6,0.8,0.6,0.6,0.6,0.6,0.6,Health Advocacy $60.00,$60.00,0.6,Health Advocacy Advanced $70.00,$70.00,0.6,Virtual Primary Care +RX Advanced $689.95,$689.95,0.6,,
Leo Addons,Telemedicine+Rx $109.95,$109.95,Virtual Primary Care +RX $329.00,$329.00,Telemedicine $69.95,$69.95,On- Demand Counseling $139.95,$139.95,Telemedicine+On Demand $179.00,$179.00,Behavioral Health +RX $209.95,$209.95,Pediatric Behavioral Health Behavioral Health $239.95,$239.95,Health Advocacy Lite $40.00,$40.00,Individual + Spouse,,,,,true,,,,0.8,0.6,0.8,0.6,0.6,0.6,0.6,0.6,Health Advocacy $50.00,$50.00,0.6,Health Advocacy Advanced $60.00,$60.00,0.6,Virtual Primary Care +RX Advanced $589.95,$589.95,0.6,,
Leo Addons,Telemedicine+Rx $109.95,$109.95,Virtual Primary Care +RX $329.00,$329.00,Telemedicine $69.95,$69.95,On- Demand Counseling $139.95,$139.95,Telemedicine+On Demand $179.00,$179.00,Behavioral Health +RX $209.95,$209.95,Pediatric Behavioral Health Behavioral Health $239.95,$239.95,Health Advocacy Lite $50.00,$50.00,Individual + Children,,,,,true,,,,0.8,0.6,0.8,0.6,0.6,0.6,0.6,0.6,Health Advocacy $60.00,$60.00,0.6,Health Advocacy Advanced $70.00,$70.00,0.6,Virtual Primary Care +RX Advanced $589.95,$589.95,0.6,,